e_d,variant,label,resource_cost,fidelity,success_prob,rate,latency_ms
0.0,paper_baseline,flexible_paper,100,1.0,1.0,10000.0,0.0001
0.0,optimizer_matched_cost,end_optimistic.n5.XZ_XZ_XZ_XZ,100,1.0,1.0,10000.0,0.0001
0.0,optimizer_budget_relaxed,beam.span.(hop0+(hop1+(hop2+(hop3+(hop4+(hop5+(hop6+(hop7+(hop8+hop9))))))))),20,1.0,1.0,10000.0,0.0001
0.001,paper_baseline,flexible_paper,100,0.9933254821076907,0.9111291286065688,9111.291286065687,0.0001
0.001,optimizer_matched_cost,end_optimistic.n5.YY_YY_YY_YY,100,0.9675245788054853,0.935881768980049,9358.81768980049,0.0001
0.001,optimizer_budget_relaxed,beam.span.(hop0+(hop1+(hop2+(hop3+(hop4+(hop5+(hop6+(hop7+(hop8+hop9))))))))),20,0.9802513181022736,1.0,10000.0,0.0001
0.002,paper_baseline,flexible_paper,100,0.986621604140509,0.8306090585755195,8306.090585755195,0.0001
0.002,optimizer_matched_cost,end_optimistic.n5.YY_YY_YY_YY,100,0.9367296366495953,0.876578431619023,8765.78431619023,0.0001
0.002,optimizer_budget_relaxed,beam.span.((hop0+(hop1+(hop2+(hop3+hop4))))+(hop5+(hop6+(hop7+(hop8+hop9))))),20,0.960997302193501,1.0,10000.0,0.0001
0.003,paper_baseline,flexible_paper,100,0.9798678540175251,0.7576408533709151,7576.408533709151,0.0001
0.003,optimizer_matched_cost,end_optimistic.n5.YY_YY_YY_YY,100,0.9075614890808337,0.8216950134588756,8216.950134588757,0.0001
0.003,optimizer_budget_relaxed,beam.span.(hop0+(hop1+((hop2+(hop3+hop4))+(hop5+(hop6+(hop7+(hop8+hop9))))))),20,0.9422261984510539,1.0,10000.0,0.0001
0.004,paper_baseline,flexible_paper,100,0.9730437685824381,0.6915022137680542,6915.022137680542,0.0001
0.004,optimizer_matched_cost,end_optimistic.n5.XZ_XZ_XZ_XZ,100,0.9709498556600715,0.6940068043156168,6940.068043156168,0.0001
0.004,optimizer_budget_relaxed,beam.span.(hop0+(hop1+((hop2+hop3)+((hop4+hop5)+(hop6+(hop7+(hop8+hop9))))))),20,0.9239265171700839,1.0,10000.0,0.0001
0.005,paper_baseline,flexible_paper,100,0.9661290479741458,0.6315401578790545,6315.401578790545,0.0001
0.005,optimizer_matched_cost,end_optimistic.n5.XZ_XZ_XZ_XZ,100,0.9628720200297707,0.6351733617012458,6351.733617012458,0.0001
0.005,optimizer_budget_relaxed,beam.span.(hop0+(hop1+(hop2+(hop3+(hop4+(hop5+(hop6+(hop7+(hop8+hop9))))))))),20,0.9060870271702891,1.0,10000.0,0.0001
0.006,paper_baseline,flexible_paper,100,0.9591036823571584,0.577164394960212,5771.643949602119,0.0001
0.006,optimizer_matched_cost,end_optimistic.n5.XZ_XZ_XZ_XZ,100,0.954434727282932,0.5820278256095456,5820.278256095456,0.0001
0.006,optimizer_budget_relaxed,beam.span.((hop0.n3.YY_ZX+hop1.n3.YY_ZX)+(hop2+(hop3+((hop4+(hop5+hop6))+(hop7+(hop8+hop9)))))),28,0.9023457537462788,0.9381286190700772,9381.286190700772,0.0001
0.007,paper_baseline,flexible_paper,100,0.9519480905033716,0.527841327874284,5278.413278742839,0.0001
0.007,optimizer_matched_cost,end_optimistic.n5.XZ_XZ_XZ_XZ,100,0.9456222275678445,0.5340029125338863,5340.029125338863,0.0001
0.007,optimizer_budget_relaxed,beam.span.((hop0.n3.YY_ZX+(hop1.n3.YY_ZX+(hop2.n3.YY_ZX+hop3.n3.YY_ZX)))+(hop4+(hop5+(hop6+(hop7+(hop8+hop9)))))),36,0.903193037894436,0.8615924928323418,8615.924928323418,0.0001
0.008,paper_baseline,flexible_paper,100,0.9446432693786514,0.48308862512888584,4830.886251288858,0.0001
0.008,optimizer_matched_cost,end_optimistic.n5.XZ_XZ_XZ_XZ,100,0.9364197845513839,0.49058938132595076,4905.893813259508,0.0001
0.008,optimizer_budget_relaxed,link.n2.YY,40,0.9019795631516495,0.80881960190869,8088.1960190868995,0.0001
0.009,paper_baseline,flexible_paper,100,0.9371709535178608,0.44247030890537736,4424.7030890537735,0.0001
0.009,optimizer_matched_cost,end_optimistic.n5.XZ_XZ_XZ_XZ,100,0.9268140286676384,0.4513299716538684,4513.299716538684,0.0001
0.009,optimizer_budget_relaxed,beam.span.((hop0+(hop1.n2.YY+(hop2+hop3)))+(hop4.n3.ZX_YY+(hop5.n3.ZX_YY+(hop6.n3.ZX_YY+(hop7.n3.ZX_YY+(hop8.n3.ZX_YY+hop9.n3.ZX_YY)))))),46,0.9032465232744659,0.7327495753955289,7327.495753955289,0.0001
0.01,paper_baseline,flexible_paper,100,0.9295137825781352,0.4055923104807098,4055.923104807098,0.0001
0.01,optimizer_matched_cost,end_optimistic.n5.XZ_XZ_XZ_XZ,100,0.9167933368902863,0.4158139856634852,4158.139856634852,0.0001
0.01,optimizer_budget_relaxed,beam.span.((hop0.n2.YY+(hop1+hop2))+(hop3.n3.ZX_YY+(hop4.n3.ZX_YY+(hop5.n3.ZX_YY+(hop6.n3.ZX_YY+(hop7.n3.ZX_YY+(hop8.n3.ZX_YY+hop9.n3.ZX_YY))))))),50,0.9046928819497215,0.671317509739292,6713.17509739292,0.0001
0.011,paper_baseline,flexible_paper,100,0.9216554750528069,0.3720984489737609,3720.984489737609,0.0001
0.011,optimizer_matched_cost,end_optimistic.n5.XZ_XZ_XZ_XZ,100,0.9063482326789518,0.38367244376969933,3836.724437696993,0.0001
0.011,optimizer_budget_relaxed,beam.span.((hop0+hop1)+((hop2.n3.YY_ZX+(hop3.n3.YY_ZX+(hop4.n3.YY_ZX+hop5.n3.YY_ZX)))+(hop6.n3.YY_ZX+(hop7.n3.YY_ZX+(hop8.n3.YY_ZX+hop9.n3.YY_ZX))))),52,0.9017362932730485,0.6265550080738608,6265.550080738608,0.0001
0.012,paper_baseline,flexible_paper,100,0.9135810057204675,0.34166679345918916,3416.6679345918915,0.0001
0.012,optimizer_matched_cost,flexible_paper,100,0.9135810057204675,0.34166679345918916,3416.6679345918915,0.0001
0.012,optimizer_budget_relaxed,beam.span.((hop0+hop1.n2.YY)+(hop2.n3.ZX_YY+(hop3.n3.ZX_YY+(hop4.n3.ZX_YY+(hop5.n3.ZX_YY+(hop6.n3.ZX_YY+(hop7.n3.ZX_YY+(hop8.n3.ZX_YY+hop9.n3.ZX_YY)))))))),54,0.900551846984698,0.5818348099309679,5818.348099309679,0.0001
0.013,paper_baseline,flexible_paper,100,0.9052767840107925,0.314006372224586,3140.06372224586,0.0001
0.013,optimizer_matched_cost,flexible_paper,100,0.9052767840107925,0.314006372224586,3140.06372224586,0.0001
0.013,optimizer_budget_relaxed,beam.span.((hop0.n2.YY+hop1.n2.YY)+(hop2.n3.ZX_YY+(hop3.n3.ZX_YY+(hop4.n3.ZX_YY+(hop5.n3.ZX_YY+(hop6.n3.ZX_YY+(hop7.n3.ZX_YY+(hop8.n3.ZX_YY+hop9.n3.ZX_YY)))))))),56,0.9008211989721686,0.5374999612044437,5374.999612044437,0.0001
0.014,paper_baseline,flexible_paper,100,0.8967308301085454,0.2888541963341209,2888.541963341209,0.0001
0.014,optimizer_matched_cost,link.n5.XZ_XZ_XZ_XZ,100,0.910938655207132,0.2703169069085075,2703.169069085075,0.0001
0.014,optimizer_budget_relaxed,beam.span.(hop0.n2.ZX+(hop1.n3.YY_ZX+((hop2.n3.YY_ZX+hop3.n3.YY_ZX)+(hop4.n3.YY_ZX+(hop5.n3.YY_ZX+((hop6.n3.YY_ZX+hop7.n3.YY_ZX)+(hop8.n3.YY_ZX+hop9.n3.YY_ZX))))))),58,0.9010322946570202,0.49380130121321514,4938.013012132151,0.0001
0.015,paper_baseline,flexible_paper,100,0.8879329453087567,0.26597256773633043,2659.7256773633044,0.0001
0.015,optimizer_matched_cost,link.n5.XZ_XZ_XZ_XZ,100,0.9048970192271674,0.24617975278613577,2461.7975278613576,0.0001
0.015,optimizer_budget_relaxed,beam.span.((hop0.n3.YY_ZX+hop1.n3.YY_ZX)+(((hop2.n3.YY_ZX+hop3.n3.YY_ZX)+(hop4.n3.YY_ZX+hop5.n3.YY_ZX))+((hop6.n3.YY_ZX+hop7.n3.YY_ZX)+(hop8.n3.YY_ZX+hop9.n3.YY_ZX)))),60,0.9022505803698068,0.4512645480371071,4512.64548037107,0.0001
0.016,paper_baseline,flexible_paper,100,0.8788748728991491,0.24514664494344537,2451.466449434454,0.0001
0.016,optimizer_matched_cost,end_heralded.n5.XZ_XZ_XZ_XZ,100,0.847626629467676,0.26307832157152583,292.30924619058425,0.0009000000000000001
0.016,optimizer_budget_relaxed,beam.span.(hop0.n3.YY_ZX+((hop1.n3.YY_ZX+(hop2.n3.YY_ZX+hop3.n3.YY_ZX))+(hop4.n3.YY_ZX+(hop5.n3.YY_ZX+(hop6.n3.YY_ZX+(hop7.n3.YY_ZX+(hop8.n3.YY_ZX+hop9.n3.YY_ZX))))))),60,0.8959121795891867,0.42809096058992896,4280.909605899289,0.0001
0.017,paper_baseline,flexible_paper,100,0.8695504456997796,0.22618224184085955,2261.8224184085952,0.0001
0.017,optimizer_matched_cost,end_heralded.n5.XZ_XZ_XZ_XZ,100,0.8346071941747024,0.245279035309022,272.5322614544689,0.0009000000000000001
0.017,optimizer_budget_relaxed,beam.span.(hop0.n3.YY_ZX+(hop1.n3.YY_ZX+((hop2.n3.YY_ZX+(hop3.n3.YY_ZX+hop4.n3.YY_ZX))+((hop5.n3.YY_ZX+hop6.n3.YY_ZX)+(hop7.n3.YY_ZX+(hop8.n3.YY_ZX+hop9.n3.YY_ZX)))))),60,0.8895983483769381,0.40612534953396057,4061.2534953396053,0.0001
0.018,paper_baseline,flexible_paper,100,0.8599557163523278,0.20890383748146693,2089.038374814669,0.0001
0.018,optimizer_matched_cost,end_heralded.n5.XZ_XZ_XZ_XZ,100,0.8211901773863409,0.22912749871502694,254.58610968336325,0.0009000000000000001
0.018,optimizer_budget_relaxed,beam.span.(hop0.n3.YY_ZX+(hop1.n3.YY_ZX+((hop2.n3.YY_ZX+hop3.n3.YY_ZX)+(hop4.n3.YY_ZX+(hop5.n3.YY_ZX+((hop6.n3.YY_ZX+hop7.n3.YY_ZX)+(hop8.n3.YY_ZX+hop9.n3.YY_ZX))))))),60,0.8833094663445672,0.3853040565492059,3853.0405654920587,0.0001
0.019,paper_baseline,flexible_paper,100,0.8500890665371805,0.19315277680252846,1931.5277680252846,0.0001
0.019,optimizer_matched_cost,end_heralded.n5.XZ_XZ_XZ_XZ,100,0.8073964738292132,0.21446542634859037,238.29491816510037,0.0009000000000000001
0.019,optimizer_budget_relaxed,beam.span.((hop0.n3.YY_ZX+hop1.n3.YY_ZX)+((hop2.n3.YY_ZX+hop3.n3.YY_ZX)+((hop4.n3.YY_ZX+hop5.n3.YY_ZX)+((hop6.n3.YY_ZX+hop7.n3.YY_ZX)+(hop8.n3.YY_ZX+hop9.n3.YY_ZX))))),60,0.877045907289604,0.36556680381774653,3655.668038177465,0.0001
0.02,paper_baseline,flexible_paper,100,0.8399512915160138,0.17878564409187314,1787.8564409187313,0.0001
0.02,optimizer_matched_cost,end_heralded.n5.XZ_XZ_XZ_XZ,100,0.7932516899425565,0.2011502248054954,223.50024978388376,0.0009000000000000001
0.02,optimizer_budget_relaxed,beam.span.(hop0.n3.YY_ZX+((hop1.n3.YY_ZX+hop2.n3.YY_ZX)+(hop3.n3.YY_ZX+(hop4.n3.YY_ZX+(hop5.n3.YY_ZX+((hop6.n3.YY_ZX+hop7.n3.YY_ZX)+(hop8.n3.YY_ZX+hop9.n3.YY_ZX))))))),60,0.8708080391205627,0.346856513606457,3468.5651360645697,0.0001
